frame_number,region_name,people_count
0,atm,0
0,entrance,2
1,atm,0
1,entrance,2
2,atm,0
2,entrance,2
3,atm,0
3,entrance,3
4,atm,0
4,entrance,3
5,atm,0
5,entrance,3
6,atm,0
6,entrance,3
7,atm,0
7,entrance,3
8,atm,0
8,entrance,3
9,atm,0
9,entrance,3
10,atm,0
10,entrance,3
11,atm,0
11,entrance,3
12,atm,0
12,entrance,3
13,atm,0
13,entrance,3
14,atm,0
14,entrance,3
15,atm,0
15,entrance,4
16,atm,0
16,entrance,4
17,atm,0
17,entrance,4
18,atm,0
18,entrance,4
19,atm,0
19,entrance,4
20,atm,0
20,entrance,4
21,atm,0
21,entrance,4
22,atm,0
22,entrance,4
23,atm,0
23,entrance,4
24,atm,0
24,entrance,3
25,atm,0
25,entrance,3
26,atm,0
26,entrance,3
27,atm,0
27,entrance,3
28,atm,0
28,entrance,3
29,atm,0
29,entrance,3
30,atm,0
30,entrance,4
31,atm,0
31,entrance,4
32,atm,0
32,entrance,4
33,atm,0
33,entrance,4
34,atm,0
34,entrance,3
35,atm,0
35,entrance,4
36,atm,0
36,entrance,4
37,atm,0
37,entrance,4
38,atm,0
38,entrance,4
39,atm,0
39,entrance,4
40,atm,0
40,entrance,4
41,atm,0
41,entrance,4
42,atm,0
42,entrance,3
43,atm,0
43,entrance,3
44,atm,0
44,entrance,3
45,atm,0
45,entrance,3
46,atm,0
46,entrance,3
47,atm,0
47,entrance,3
48,atm,0
48,entrance,3
49,atm,0
49,entrance,4
50,atm,0
50,entrance,4
51,atm,0
51,entrance,3
52,atm,0
52,entrance,4
53,atm,0
53,entrance,4
54,atm,0
54,entrance,4
55,atm,0
55,entrance,4
56,atm,0
56,entrance,4
57,atm,0
57,entrance,4
58,atm,0
58,entrance,4
59,atm,0
59,entrance,4
60,atm,0
60,entrance,4
61,atm,0
61,entrance,3
62,atm,0
62,entrance,3
63,atm,0
63,entrance,3
64,atm,0
64,entrance,4
65,atm,0
65,entrance,4
66,atm,0
66,entrance,4
67,atm,0
67,entrance,4
68,atm,0
68,entrance,4
69,atm,0
69,entrance,4
70,atm,0
70,entrance,4
71,atm,0
71,entrance,4
72,atm,0
72,entrance,4
73,atm,0
73,entrance,4
74,atm,0
74,entrance,5
75,atm,0
75,entrance,5
76,atm,0
76,entrance,5
77,atm,0
77,entrance,5
78,atm,0
78,entrance,4
79,atm,0
79,entrance,4
80,atm,0
80,entrance,4
81,atm,0
81,entrance,3
82,atm,0
82,entrance,3
83,atm,0
83,entrance,3
84,atm,0
84,entrance,3
85,atm,0
85,entrance,3
86,atm,0
86,entrance,3
87,atm,0
87,entrance,3
88,atm,0
88,entrance,3
89,atm,0
89,entrance,3
90,atm,0
90,entrance,3
91,atm,0
91,entrance,4
92,atm,0
92,entrance,4
93,atm,0
93,entrance,4
94,atm,0
94,entrance,4
95,atm,0
95,entrance,4
96,atm,0
96,entrance,4
97,atm,0
97,entrance,4
98,atm,0
98,entrance,4
99,atm,0
99,entrance,4
100,atm,0
100,entrance,4
101,atm,0
101,entrance,4
102,atm,0
102,entrance,4
103,atm,0
103,entrance,4
104,atm,0
104,entrance,4
105,atm,0
105,entrance,4
106,atm,0
106,entrance,4
107,atm,0
107,entrance,4
108,atm,0
108,entrance,4
109,atm,0
109,entrance,4
110,atm,0
110,entrance,4
111,atm,0
111,entrance,4
112,atm,0
112,entrance,4
113,atm,0
113,entrance,4
114,atm,0
114,entrance,4
115,atm,0
115,entrance,4
116,atm,0
116,entrance,4
117,atm,0
117,entrance,4
118,atm,0
118,entrance,4
119,atm,0
119,entrance,4
120,atm,0
120,entrance,4
121,atm,0
121,entrance,4
122,atm,0
122,entrance,4
123,atm,0
123,entrance,4
124,atm,0
124,entrance,4
125,atm,0
125,entrance,4
126,atm,0
126,entrance,4
127,atm,0
127,entrance,4
128,atm,0
128,entrance,4
129,atm,0
129,entrance,4
130,atm,0
130,entrance,4
131,atm,0
131,entrance,4
132,atm,0
132,entrance,4
133,atm,0
133,entrance,4
134,atm,0
134,entrance,4
135,atm,0
135,entrance,4
136,atm,0
136,entrance,4
137,atm,0
137,entrance,3
138,atm,0
138,entrance,3
139,atm,0
139,entrance,3
140,atm,0
140,entrance,3
141,atm,0
141,entrance,3
142,atm,0
142,entrance,3
143,atm,0
143,entrance,3
144,atm,0
144,entrance,3
145,atm,0
145,entrance,4
146,atm,0
146,entrance,4
147,atm,0
147,entrance,4
148,atm,0
148,entrance,4
149,atm,0
149,entrance,4
150,atm,0
150,entrance,4
151,atm,0
151,entrance,4
152,atm,0
152,entrance,4
153,atm,0
153,entrance,4
154,atm,0
154,entrance,4
155,atm,0
155,entrance,4
156,atm,0
156,entrance,4
157,atm,0
157,entrance,4
158,atm,0
158,entrance,4
159,atm,0
159,entrance,4
160,atm,0
160,entrance,4
161,atm,0
161,entrance,4
162,atm,0
162,entrance,4
163,atm,0
163,entrance,4
164,atm,0
164,entrance,4
165,atm,0
165,entrance,4
166,atm,0
166,entrance,4
167,atm,0
167,entrance,4
168,atm,0
168,entrance,4
169,atm,0
169,entrance,4
170,atm,0
170,entrance,4
171,atm,0
171,entrance,4
172,atm,0
172,entrance,4
173,atm,0
173,entrance,4
174,atm,0
174,entrance,4
175,atm,0
175,entrance,4
176,atm,0
176,entrance,4
177,atm,0
177,entrance,4
178,atm,0
178,entrance,4
179,atm,0
179,entrance,4
180,atm,0
180,entrance,4
181,atm,0
181,entrance,4
182,atm,0
182,entrance,4
183,atm,0
183,entrance,4
184,atm,0
184,entrance,4
185,atm,0
185,entrance,4
186,atm,0
186,entrance,4
187,atm,0
187,entrance,4
188,atm,0
188,entrance,4
189,atm,0
189,entrance,4
190,atm,0
190,entrance,4
191,atm,0
191,entrance,4
192,atm,0
192,entrance,4
193,atm,0
193,entrance,4
194,atm,0
194,entrance,4
195,atm,0
195,entrance,4
196,atm,0
196,entrance,4
197,atm,0
197,entrance,4
198,atm,0
198,entrance,4
199,atm,0
199,entrance,4
200,atm,0
200,entrance,4
201,atm,0
201,entrance,4
202,atm,0
202,entrance,4
203,atm,0
203,entrance,4
204,atm,0
204,entrance,4
205,atm,0
205,entrance,4
206,atm,0
206,entrance,4
207,atm,0
207,entrance,4
208,atm,0
208,entrance,4
209,atm,0
209,entrance,4
210,atm,0
210,entrance,4
211,atm,0
211,entrance,4
212,atm,0
212,entrance,4
213,atm,0
213,entrance,4
214,atm,0
214,entrance,4
215,atm,0
215,entrance,4
216,atm,0
216,entrance,4
217,atm,0
217,entrance,4
218,atm,0
218,entrance,4
219,atm,0
219,entrance,4
220,atm,0
220,entrance,4
221,atm,0
221,entrance,4
222,atm,0
222,entrance,4
223,atm,0
223,entrance,4
224,atm,0
224,entrance,4
225,atm,0
225,entrance,4
226,atm,0
226,entrance,4
227,atm,0
227,entrance,4
228,atm,0
228,entrance,4
229,atm,0
229,entrance,4
230,atm,0
230,entrance,4
231,atm,0
231,entrance,4
232,atm,0
232,entrance,4
233,atm,0
233,entrance,4
234,atm,0
234,entrance,4
235,atm,0
235,entrance,3
236,atm,0
236,entrance,3
237,atm,0
237,entrance,3
238,atm,0
238,entrance,3
239,atm,0
239,entrance,3
240,atm,0
240,entrance,3
241,atm,0
241,entrance,3
242,atm,0
242,entrance,3
243,atm,0
243,entrance,3
244,atm,0
244,entrance,3
245,atm,0
245,entrance,3
246,atm,0
246,entrance,3
247,atm,0
247,entrance,3
248,atm,0
248,entrance,3
249,atm,0
249,entrance,3
250,atm,0
250,entrance,3
251,atm,0
251,entrance,3
252,atm,0
252,entrance,3
253,atm,0
253,entrance,3
254,atm,0
254,entrance,3
255,atm,0
255,entrance,3
256,atm,0
256,entrance,3
257,atm,0
257,entrance,3
258,atm,0
258,entrance,3
259,atm,0
259,entrance,3
260,atm,0
260,entrance,3
261,atm,0
261,entrance,3
262,atm,0
262,entrance,3
263,atm,0
263,entrance,4
264,atm,0
264,entrance,4
265,atm,0
265,entrance,4
266,atm,0
266,entrance,4
267,atm,0
267,entrance,4
268,atm,0
268,entrance,4
269,atm,0
269,entrance,4
270,atm,0
270,entrance,4
271,atm,0
271,entrance,4
272,atm,0
272,entrance,4
273,atm,0
273,entrance,4
274,atm,0
274,entrance,4
275,atm,0
275,entrance,4
276,atm,0
276,entrance,4
277,atm,0
277,entrance,4
278,atm,0
278,entrance,4
279,atm,0
279,entrance,4
280,atm,0
280,entrance,4
281,atm,0
281,entrance,4
282,atm,0
282,entrance,4
283,atm,0
283,entrance,4
284,atm,0
284,entrance,4
285,atm,0
285,entrance,4
286,atm,0
286,entrance,4
287,atm,0
287,entrance,4
288,atm,0
288,entrance,4
289,atm,0
289,entrance,4
290,atm,0
290,entrance,4
291,atm,0
291,entrance,4
292,atm,0
292,entrance,4
293,atm,0
293,entrance,4
294,atm,0
294,entrance,4
295,atm,0
295,entrance,3
296,atm,0
296,entrance,3
297,atm,0
297,entrance,3
298,atm,0
298,entrance,3
299,atm,0
299,entrance,3
300,atm,0
300,entrance,3
301,atm,0
301,entrance,3
302,atm,0
302,entrance,3
303,atm,0
303,entrance,3
304,atm,0
304,entrance,3
305,atm,0
305,entrance,3
306,atm,0
306,entrance,3
307,atm,0
307,entrance,3
308,atm,0
308,entrance,3
309,atm,0
309,entrance,3
310,atm,0
310,entrance,3
311,atm,0
311,entrance,3
312,atm,0
312,entrance,3
313,atm,0
313,entrance,3
314,atm,0
314,entrance,3
315,atm,0
315,entrance,3
316,atm,0
316,entrance,3
317,atm,0
317,entrance,3
318,atm,0
318,entrance,3
319,atm,0
319,entrance,3
320,atm,0
320,entrance,3
321,atm,0
321,entrance,3
322,atm,0
322,entrance,3
323,atm,0
323,entrance,3
324,atm,0
324,entrance,3
325,atm,0
325,entrance,3
326,atm,0
326,entrance,3
327,atm,0
327,entrance,3
328,atm,0
328,entrance,3
329,atm,0
329,entrance,3
330,atm,0
330,entrance,4
331,atm,0
331,entrance,4
332,atm,0
332,entrance,4
333,atm,0
333,entrance,4
334,atm,0
334,entrance,4
335,atm,0
335,entrance,4
336,atm,0
336,entrance,4
337,atm,0
337,entrance,4
338,atm,0
338,entrance,4
339,atm,0
339,entrance,4
340,atm,0
340,entrance,4
341,atm,0
341,entrance,4
342,atm,0
342,entrance,4
343,atm,0
343,entrance,4
344,atm,0
344,entrance,4
345,atm,0
345,entrance,4
346,atm,0
346,entrance,4
347,atm,0
347,entrance,4
348,atm,0
348,entrance,4
349,atm,0
349,entrance,4
350,atm,0
350,entrance,4
351,atm,0
351,entrance,4
352,atm,0
352,entrance,4
353,atm,0
353,entrance,4
354,atm,0
354,entrance,4
355,atm,0
355,entrance,4
356,atm,0
356,entrance,4
357,atm,0
357,entrance,3
358,atm,0
358,entrance,3
359,atm,0
359,entrance,3
360,atm,0
360,entrance,3
361,atm,0
361,entrance,3
362,atm,0
362,entrance,3
363,atm,0
363,entrance,3
364,atm,0
364,entrance,3
365,atm,0
365,entrance,3
366,atm,0
366,entrance,3
367,atm,0
367,entrance,3
368,atm,0
368,entrance,3
369,atm,0
369,entrance,3
370,atm,0
370,entrance,3
371,atm,0
371,entrance,3
372,atm,0
372,entrance,3
373,atm,0
373,entrance,3
374,atm,0
374,entrance,3
